,index,GEOID,Hospital,State,ORIG_LAT,ORIG_LONG,ThrombCenter,DEST_LAT,DEST_LONG,AERIAL_3,DISTANCE_ROAD,DISTANCE_TIME
0,10,10,Seattle Children's,53,47.66447,-122.28317,Harborview Medical Center,47.603559999999995,-122.32473,7.457699213,8887.105,43
1,108,108,Mary Bridge Children's Hospital & Health Center,53,47.25993,-122.45351399999998,Providence St. Peter's Hospital,47.05274,-122.84461999999999,37.55296945,43765.64100000001,63
2,170,170,Sacred Heart Children's Hospital,53,47.648492,-117.41176100000001,Swedish Cherry Hill,47.60687,-122.31022,368.139492,448002.61800000013,193
