,index,GEOID,Hospital,State,ORIG_LAT,ORIG_LONG,ThrombCenter,DEST_LAT,DEST_LONG,AERIAL_3,DISTANCE_ROAD,DISTANCE_TIME
0,17,17,Ochsner Hospital for Children,22,29.962742,-90.144005,East Jefferson General Hospital,30.01434,-90.18151999999999,6.769099047,9340.501000000004,61
1,59,59,Our Lady of the Lake Children's Hospial,22,30.402043,-91.09935300000001,Tulane University Hospital and Clinic,29.95983,-90.07649,110.03510849999999,119635.30099999998,73
2,61,61,Willis Knighton South and the Center for Womens and Childrens Health,22,32.402134000000004,-93.79852,UT Health East Texas Tyler Regional Hospital,32.338618,-95.291677,140.69823430000002,132336.19899999994,90
3,103,103,Children's Hospital New Orleans,22,29.917666999999998,-90.126976,Tulane University Hospital and Clinic,29.95983,-90.07649,6.7529580860000005,7599.386000000001,70
