,index,GEOID,Hospital,State,ORIG_LAT,ORIG_LONG,ThrombCenter,DEST_LAT,DEST_LONG,AERIAL_3,DISTANCE_ROAD,DISTANCE_TIME
0,116,116,UH Rainbow Babies & Children's Hospital,39,41.506626000000004,-81.60805500000001,MetroHealth Medical Center,41.46195,-81.69706,8.937286889,11605.656999999997,55
1,128,128,Akron Children's Hospital,39,41.078928000000005,-81.52652900000001,MetroHealth Medical Center,41.46195,-81.69706,44.87380232,48956.134000000005,75
2,140,140,ProMedica Toledo Children's Hospital,39,41.67143,-83.594025,University of Michigan Hospital,42.283801000000004,-83.733283,68.99004224,73152.025,82
3,151,151,Nationwide Children's Hospital,39,39.952354,-82.97851999999999,Mount Carmel East,39.97755,-82.84295,11.91582848,13307.218999999997,42
4,184,184,Dayton Children's Hospital,39,39.774124,-84.169754,Jewish Hospital,39.20648,-84.38152,65.60264489,69823.86600000001,81
5,196,196,Cincinnati Children's Hospital Medical Center,39,39.141247,-84.500374,Jewish Hospital,39.20648,-84.38152,12.56718169,13992.422000000004,35
6,198,198,Cleveland Clinic Children's,39,41.50342,-81.6215,MetroHealth Medical Center,41.46195,-81.69706,7.81265846,10362.924000000003,46
