,index,GEOID,Hospital,State,ORIG_LAT,ORIG_LONG,ThrombCenter,DEST_LAT,DEST_LONG,AERIAL_2,DISTANCE_ROAD,DISTANCE_TIME
0,10,10,Seattle Children's,53,47.66447,-122.28317,Virginia Mason Medical Center,47.60954,-122.32793999999998,6.972653128999999,8491.046,39
1,108,108,Mary Bridge Children's Hospital & Health Center,53,47.25993,-122.45351399999998,St. Joseph Medical Center,47.245569,-122.44733899999999,1.663611683,1839.3750000000002,16
2,170,170,Sacred Heart Children's Hospital,53,47.648492,-117.41176100000001,Multicare Deaconess Hospital,47.651540000000004,-117.42348,0.943401823,1405.109,12
