,index,GEOID,Hospital,State,ORIG_LAT,ORIG_LONG,ThrombCenter,DEST_LAT,DEST_LONG,AERIAL_2,DISTANCE_ROAD,DISTANCE_TIME
0,49,49,Children's Mercy Hospitals and Clinics,29,39.081947,-94.578285,Saint Luke's Hospital of Kansas City,39.046640000000004,-94.59012,4.051292253,4852.524,33
1,86,86,SSM Cardinal Glennon Children's Medical Center,29,38.621086,-90.23844,Barnes-Jewish Hospital,38.6349189,-90.26476020000001,2.75877552,3516.1980000000003,13
2,147,147,Women's and Children's Hospital University of Missouri Health Care,29,38.953888,-92.29021999999999,University of Missouri Hospital and Clinics,38.9380123,-92.32730529999999,3.666394522,5382.781999999999,15
3,178,178,Mercy Children's Hospital - Springfield,29,37.178185,-93.275826,Washington Regional Medical Center,36.10948,-94.15814,142.4418555,165766.588,173
4,190,190,Mercy Children's Hospital - St. Louis,29,38.644515999999996,-90.44344,SSM Health DePaul Hospital - St. Louis,38.749990000000004,-90.43413000000001,11.73661687,13671.276999999998,35
5,191,191,St. Louis Children's Hospital,29,38.637283000000004,-90.265182,SSM Health St. Louis University Hospital,38.62303,-90.23933000000001,2.751493506,4087.937000000001,19
6,197,197,CoxHealth,29,37.143776,-93.27797,Washington Regional Medical Center,36.10948,-94.15814,139.17998380000003,164772.692,151
