,index,GEOID,Hospital,State,ORIG_LAT,ORIG_LONG,ThrombCenter,DEST_LAT,DEST_LONG,AERIAL_2,DISTANCE_ROAD,DISTANCE_TIME
0,22,22,Duke Children's Hospital Health Center,37,36.008205,-78.93764499999999,University of North Carolina Hospitals,35.904412,-79.04904,15.28472356,18441.190000000002,56
1,44,44,North Carolina Children's Hospital,37,35.903027,-79.05028,Duke University Hospital,36.00764,-78.93755,15.43257389,18217.057999999994,55
2,68,68,Cone Health Children's Services,37,36.091095,-79.788795,Wake Forest Baptist Medical Center,36.08932,-80.26876,43.22648096,46867.38499999999,80
3,106,106,Levine Children's Hospital,37,35.204636,-80.8384,Carolinas Medical Center,35.09197,-80.87116999999999,12.85127414,13917.476000000002,53
4,152,152,WakeMed Children's Hospital,37,35.786182000000004,-78.589,Rex Hospital,35.818506,-78.70428100000001,11.01999307,14427.606,39
5,160,160,Novant Health Hemby Children's Hospital,37,35.212986,-80.825485,Carolinas Medical Center,35.09197,-80.87116999999999,14.05645276,14963.005000000001,57
6,193,193,James and Connie Maynard Children's Hospital at Vidant Medical Center,37,35.6058,-77.40124,Duke Raleigh Hospital,35.82875,-78.61823000000001,112.8620557,123912.49100000001,105
7,195,195,Betty H Cameron Womens Childrens Hospital,37,34.206379999999996,-77.92425,Grand Strand Medical Center,33.75833,-78.81961,96.51355122,109433.42500000009,179
8,200,200,Wake Forest Baptist Health - Brenner Children's Hospital,37,36.090751000000004,-80.270156,Novant Health Forsyth Medical Center,36.07546,-80.29654000000001,2.9199257210000003,3443.681,21
