,index,GEOID,Hospital,State,ORIG_LAT,ORIG_LONG,ThrombCenter,DEST_LAT,DEST_LONG,AERIAL_2,DISTANCE_ROAD,DISTANCE_TIME
0,69,69,The Children's Hospital at Saint Francis,40,36.075058,-95.922134,St. John Medical Center,36.13387,-95.96388,7.531043642999999,9435.074000000002,48
1,81,81,Oklahoma Children's Hospital at OU Health,40,35.481821000000004,-97.49754200000001,INTEGRIS Baptist Medical Center,35.529140000000005,-97.57598,8.843214527,11129.672999999999,45
2,165,165,The Children's Hospital at OU Medical Center,40,35.481837,-97.49754,INTEGRIS Baptist Medical Center,35.529140000000005,-97.57598,8.842306209,11129.672999999999,45
