,index,GEOID,Hospital,State,ORIG_LAT,ORIG_LONG,ThrombCenter,DEST_LAT,DEST_LONG,AERIAL_3,DISTANCE_ROAD,DISTANCE_TIME
0,49,49,Children's Mercy Hospitals and Clinics,29,39.081947,-94.578285,Research Medical Center,39.00716,-94.55977,8.455887642,9773.919000000002,33
1,86,86,SSM Cardinal Glennon Children's Medical Center,29,38.621086,-90.23844,Mercy Hospital South,38.50744,-90.38037,17.66823687,18976.775,40
2,147,147,Women's and Children's Hospital University of Missouri Health Care,29,38.953888,-92.29021999999999,SSM Health DePaul Hospital - St. Louis,38.749990000000004,-90.43413000000001,162.70016850000002,169517.85000000003,102
3,178,178,Mercy Children's Hospital - Springfield,29,37.178185,-93.275826,University of Missouri Hospital and Clinics,38.9380123,-92.32730529999999,212.3311868,259111.50899999976,236
4,190,190,Mercy Children's Hospital - St. Louis,29,38.644515999999996,-90.44344,SSM Health St. Clare Hospital - Fenton,38.52574,-90.4741,13.45293933,17365.699999999997,46
5,191,191,St. Louis Children's Hospital,29,38.637283000000004,-90.265182,Mercy Hospital St. Louis,38.64436,-90.4466,15.814256699999998,17154.786999999993,37
6,197,197,CoxHealth,29,37.143776,-93.27797,University of Missouri Hospital and Clinics,38.9380123,-92.32730529999999,215.92949339999998,262965.66599999974,219
