,index,GEOID,Hospital,State,ORIG_LAT,ORIG_LONG,ThrombCenter,DEST_LAT,DEST_LONG,AERIAL_3,DISTANCE_ROAD,DISTANCE_TIME
0,5,5,Children's Hospitl of Richmond at VCU,51,37.540268,-77.432846,Johnston-Willis Hospital,37.510740000000006,-77.5953,14.7293924,17224.950999999997,43
1,53,53,Bon Secours St. Mary's Hospital Children's Services,51,37.585026,-77.512596,Johnston-Willis Hospital,37.510740000000006,-77.5953,11.01776728,13933.815000000008,50
2,91,91,Inova Children's Hospital,51,38.858765000000005,-77.22603000000001,The Johns Hopkins Hospital,39.2973,-76.5933,73.26536969,80633.934,130
3,112,112,Children's Hospital of the King's Daughters,51,36.861340000000006,-76.30162,Virginia Commonwealth University Health System Authority,37.540289,-77.430789,125.40417409999999,145697.475,125
4,149,149,Carilion Clinic Children's Hospital,51,37.25206,-79.94169000000001,Novant Health Forsyth Medical Center,36.07546,-80.29654000000001,134.36732,100302.42400000001,117
