,index,GEOID,Hospital,State,ORIG_LAT,ORIG_LONG,ThrombCenter,DEST_LAT,DEST_LONG,AERIAL_1,DISTANCE_ROAD,DISTANCE_TIME
0,41,41,Bronson Methodist Hospital,26,42.286137,-85.58134,Bronson Methodist Hospital,42.284929999999996,-85.58083,0.14051605,100.004,2
1,57,57,Ascension St. John Children's Hospital,26,42.418995,-82.914986,Ascension St. John Hospital,42.41977,-82.91450999999999,0.094583278,0,0
2,76,76,Beaumont Children's Hospital,26,42.517754,-83.19112,William Beaumont Hospital,42.515721,-83.19409300000001,0.332699354,396.971,2
3,96,96,Children's Hospital of Michiga,26,42.35165,-83.05431800000001,Henry Ford Detroit Hospital,42.367344,-83.08538,3.0963563730000003,5322.485000000001,36
4,135,135,Helen DeVos Children's Hospital,26,42.970504999999996,-85.66637,Spectrum Health Butterworth,42.970040000000004,-85.66523000000001,0.106385213,178.06099999999998,1
5,158,158,C.S. Mott Children's Hospital,26,42.281645000000005,-83.728319,University of Michigan Hospital,42.283801000000004,-83.733283,0.474340818,552.284,7
