,index,GEOID,Hospital,State,ORIG_LAT,ORIG_LONG,ThrombCenter,DEST_LAT,DEST_LONG,AERIAL_3,DISTANCE_ROAD,DISTANCE_TIME
0,6,6,Children's Hospital of Wisconsin,55,43.043343,-88.026276,Northwest Community Hospital,42.06733,-87.99133,108.4574832,114334.34499999997,132
1,102,102,Marshfield Children's Hospital,55,44.676277,-90.18004599999999,University of Wisconsin Hospitals and Clinics Authority,43.076545,-89.43396,187.5859634,213417.032,156
2,124,124,HSHS St Vincent Children's Hospital,55,44.501484000000005,-88.012856,Froedtert Memorial Lutheran Hospital,43.040966999999995,-88.024495,162.27750559999998,176148.05600000007,138
3,154,154,Gundersen Lutheran Medical Center,55,43.795196999999995,-91.24693,United Hospital,44.942890000000006,-93.10753000000001,195.5870705,218365.52599999998,170
4,156,156,American Family Children's Hospital,55,43.078274,-89.43336500000001,OSF Healthcare Saint Anthony Medical Center,42.26721,-89.00775,96.61688041,110811.72499999998,119
