,index,GEOID,Hospital,State,ORIG_LAT,ORIG_LONG,ThrombCenter,DEST_LAT,DEST_LONG,AERIAL_2,DISTANCE_ROAD,DISTANCE_TIME
0,41,41,Bronson Methodist Hospital,26,42.286137,-85.58134,Ascension Borgess Hospital,42.30815,-85.56068,2.9801929339999997,4568.334000000001,25
1,57,57,Ascension St. John Children's Hospital,26,42.418995,-82.914986,Henry Ford Detroit Hospital,42.367344,-83.08538,15.15783776,16910.434,54
2,76,76,Beaumont Children's Hospital,26,42.517754,-83.19112,St. Joseph Mercy Oakland,42.614509999999996,-83.27639,12.827511900000001,13716.609000000002,69
3,96,96,Children's Hospital of Michiga,26,42.35165,-83.05431800000001,Ascension St. John Hospital,42.41977,-82.91450999999999,13.77699366,14785.086000000003,50
4,135,135,Helen DeVos Children's Hospital,26,42.970504999999996,-85.66637,Mercy Health Saint Mary's Hospital,42.95848,-85.66284,1.366575036,1549.7949999999998,11
5,158,158,C.S. Mott Children's Hospital,26,42.281645000000005,-83.728319,Ascension Providence Hospital - Novi Campus,42.48701,-83.520229,28.53143623,36550.79600000002,59
