,index,GEOID,Hospital,State,ORIG_LAT,ORIG_LONG,ThrombCenter,DEST_LAT,DEST_LONG,AERIAL_3,DISTANCE_ROAD,DISTANCE_TIME
0,22,22,Duke Children's Hospital Health Center,37,36.008205,-78.93764499999999,Rex Hospital,35.818506,-78.70428100000001,29.77798548,32030.97800000001,56
1,44,44,North Carolina Children's Hospital,37,35.903027,-79.05028,Rex Hospital,35.818506,-78.70428100000001,32.62807628,37372.13000000002,65
2,68,68,Cone Health Children's Services,37,36.091095,-79.788795,Novant Health Forsyth Medical Center,36.07546,-80.29654000000001,45.76482395,50079.537,79
3,106,106,Levine Children's Hospital,37,35.204636,-80.8384,Novant Health Forsyth Medical Center,36.07546,-80.29654000000001,108.3690943,125090.22800000006,92
4,152,152,WakeMed Children's Hospital,37,35.786182000000004,-78.589,Duke University Hospital,36.00764,-78.93755,39.9248411,42579.001000000004,78
5,160,160,Novant Health Hemby Children's Hospital,37,35.212986,-80.825485,Novant Health Forsyth Medical Center,36.07546,-80.29654000000001,107.01414650000001,123862.87600000008,93
6,193,193,James and Connie Maynard Children's Hospital at Vidant Medical Center,37,35.6058,-77.40124,Rex Hospital,35.818506,-78.70428100000001,120.2500892,132041.26500000004,115
7,195,195,Betty H Cameron Womens Childrens Hospital,37,34.206379999999996,-77.92425,Vidant Medical Center,35.60712,-77.40456,162.49186519999998,182994.65299999993,150
8,200,200,Wake Forest Baptist Health - Brenner Children's Hospital,37,36.090751000000004,-80.270156,Moses H. Cone Memorial Hospital,36.091918,-79.785944,43.60808941,47641.583,83
