,index,GEOID,Hospital,State,ORIG_LAT,ORIG_LONG,ThrombCenter,DEST_LAT,DEST_LONG,AERIAL_2,DISTANCE_ROAD,DISTANCE_TIME
0,16,16,Children's Hospital of Georgia,13,33.472088,-81.98926999999999,Prisma Health Richland,34.02755,-81.03322,107.90062730000001,116077.13700000005,93
1,54,54,Dwaine and Cynthia Willett Children's Hospital of Savannah,13,32.032215,-81.091675,Trident Medical Center,32.97663,-80.07336,141.8639061,175508.68700000003,113
2,114,114,Beverly Knight Olson Children's Hospital,13,32.833076,-83.63632,Emory University Hospital,33.792320000000004,-84.32186,124.07243570000001,135481.39299999992,119
3,164,164,Children's Healthcare of Atlanta,13,33.82971,-84.32975,Grady Memorial Hospital,33.752320000000005,-84.38242,9.873081836,11275.317000000001,34
